"logFC","AveExpr","t","P.Value","adj.P.Val","B","Gene","Direction"
3.6029714163212,6.5375392767503,14.1818710437572,1.03553625209643e-38,1.33910348982325e-34,77.0638934532454,"CHI3L1","Up"
-1.86757357332686,3.64740296357208,-14.139859553321,1.59010092005373e-38,1.33910348982325e-34,76.6415377061937,"ZDHHC22","Down"
1.71368679139952,2.89509943856819,13.7065216644524,1.28403522735355e-36,7.20900177810525e-33,72.3171678527283,"ADM","Up"
-2.4208296737137,5.33624258997882,-13.0968465361035,5.56771478990828e-34,2.34442550516063e-30,66.3385854909319,"SMOC1","Down"
1.96229186851104,3.2279373941499,12.9318913336362,2.81379365979885e-33,9.47854532239841e-30,64.7436482656799,"SOCS3","Up"
-1.76206381989857,3.0293657232531,-12.7796263472392,1.24410910799331e-32,3.49242161765521e-29,63.2803985063249,"TNR","Down"
2.48375975233579,6.72070731326091,12.7059801871375,2.54520851085417e-32,6.02627694893526e-29,62.5758255921675,"IGFBP2","Up"
-1.38339994311498,2.35211472444854,-12.6938782149953,2.86232948949012e-32,6.02627694893526e-29,62.4602454241653,"MMD2","Down"
1.27097227439162,3.10054339330382,12.6103276739107,6.42860443461399e-32,1.20307760546893e-28,61.6638430388122,"ITGA5","Up"
2.0934449429168,5.28174006415006,12.5485436670591,1.1673574456745e-31,1.96618014574957e-28,61.0766732025609,"EMP3","Up"
1.55466624779521,4.02609522308178,12.5309385095242,1.38327976065765e-31,2.1180528189779e-28,60.9096363161832,"TUBA1C","Up"
1.47382554488255,2.61574248211233,12.5142672848854,1.62426509093283e-31,2.16870544462484e-28,60.7515736387035,"COL5A2","Up"
2.06719351238549,3.32989578770766,12.3746667846978,6.20587371704392e-31,7.46610935829792e-28,59.4323532103614,"PDPN","Up"
-1.10210297942677,2.2447639743727,-12.3567563644593,7.3662020259607e-31,8.27126271488374e-28,59.263668375077,"FLRT1","Down"
1.76086594415773,2.24514137267836,12.3429780788002,8.40371714574495e-31,8.84648799286139e-28,59.1339896862278,"ABCC3","Up"
-1.18881597632584,2.10235131715692,-12.0827652044067,9.97401201164835e-30,9.21974859898628e-27,56.6996003939283,"SHISA7","Down"
-1.41107497106773,2.65731966606409,-12.0737747291934,1.08585294364664e-29,9.21974859898628e-27,56.6159965428075,"ELFN2","Down"
-1.45186753635665,4.25454211627906,-12.0729075282351,1.09478698557101e-29,9.21974859898628e-27,56.6079341123646,"KCNIP3","Down"
-1.3309505028331,2.37541439684563,-11.9956188757386,2.26950160069708e-29,1.82024835526385e-26,55.8906590759787,"CDHR1","Down"
1.57456005112797,2.04178677203965,11.9755693260212,2.74081206951275e-29,2.0983408039456e-26,55.7050063407711,"G0S2","Up"
1.38943795080831,1.85525604712927,11.9524547320536,3.40614180073939e-29,2.49433244999364e-26,55.4911863818252,"SRPX2","Up"
1.89425355593526,4.58667968988467,11.8141251422009,1.24451636921996e-28,8.63717830443049e-26,54.2164127432733,"TNFRSF12A","Up"
1.81261657240935,2.70318625651361,11.8109456478428,1.28201304762075e-28,8.63717830443049e-26,54.1872103325163,"SERPINE1","Up"
-1.84237235269828,1.52269164325749,-11.7598863084012,2.06374900083311e-28,1.28639157724242e-25,53.718859913776,"AC062021.1","Down"
1.76715019964884,3.58788718858788,11.759524986782,2.0707051523065e-28,1.28639157724242e-25,53.7155497303844,"PDLIM4","Up"
2.20330275089717,2.46877649131318,11.7560648412015,2.13851238869488e-28,1.28639157724242e-25,53.6838531510143,"MMP9","Up"
-1.43222679395911,3.12237998653814,-11.7450931372756,2.36847203777241e-28,1.3755922252483e-25,53.583382180999,"GALNT13","Down"
1.42243471009338,2.15255356820149,11.7207742714849,2.96962821797658e-28,1.66724826917932e-25,53.3608778574418,"AGAP2-AS1","Up"
-1.89078867479268,2.83608169863156,-11.6958672242844,3.7427719172769e-28,2.03353249686112e-25,53.1332646895894,"CXXC11","Down"
-1.75208202900165,2.6234538674426,-11.6614037017947,5.15280006562787e-28,2.70902746638576e-25,52.81877646662,"PCDH15","Down"
1.58962128382812,2.56126138479745,11.6582077112737,5.30771871939263e-28,2.70902746638576e-25,52.7896392075169,"GDF15","Up"
-1.57290044239964,2.520682903343,-11.6529432239771,5.57306810406776e-28,2.71227701917998e-25,52.7416538356482,"NKG2-E","Down"
1.83184640102519,3.42603568464463,11.6517283731088,5.63615125994772e-28,2.71227701917998e-25,52.7305823359476,"METTL7B","Up"
-1.16880333434689,2.30463211624793,-11.6016341055373,8.95982792072554e-28,4.19195504635501e-25,52.2746284372399,"DSCAML1","Down"
1.41600930168496,3.17532370794657,11.5721078122051,1.17686951622267e-27,5.35730088155093e-25,52.0064135386091,"PLAUR","Up"
2.12150876256816,3.63320116747283,11.5655818053076,1.24991555771772e-27,5.5400862470104e-25,51.9471850733048,"SPOCD1","Up"
1.38146590326549,2.49695879925503,11.55483879196,1.3801109107876e-27,5.96030976163989e-25,51.8497262314961,"STEAP3","Up"
-1.6272000020571,3.38519542364155,-11.5454759737775,1.50452725917411e-27,6.18303370428396e-25,51.7648311206927,"CRTAC1","Down"
1.54334137882779,6.31055931495321,11.5454345123615,1.50510230882647e-27,6.18303370428396e-25,51.7644552680275,"TAGLN2","Up"
1.10006942244018,1.32622500445705,11.5246845725213,1.82213649274822e-27,7.30720117794246e-25,51.5764529738953,"GPX8","Up"
1.48676245621573,4.89340222666824,11.5150212443774,1.99164591983246e-27,7.80123075063677e-25,51.4889666795153,"SERPINH1","Up"
2.12103239435435,5.71103764270578,11.4051461879425,5.45947941158412e-27,2.04342248287358e-24,50.4972384250782,"VEGFA","Up"
1.1558633726519,2.72788172186319,11.3869854300138,6.44618721563996e-27,2.36028546245704e-24,50.3338577305841,"C1RL","Up"
1.35370564522786,4.22346338077323,11.3708509995319,7.47047534242901e-27,2.67713225941557e-24,50.1888353751383,"SLC16A3","Up"
1.8202936830102,4.8407650484643,11.3533637291342,8.76403550782654e-27,3.07526354288172e-24,50.0317903262971,"COL4A2","Up"
1.95525941867881,3.21405542230725,11.2815657177961,1.68581125144483e-26,5.67882378161706e-24,49.3885080608711,"COL3A1","Up"
-2.02474818374374,3.66425435723897,-11.2736509232224,1.81160447811615e-26,5.98291259311966e-24,49.3177430715737,"HMX1","Down"
1.59029183763438,1.71856450435527,11.2551815470914,2.14262640975621e-26,6.94004934990843e-24,49.1527263444516,"TREM1","Up"
1.30953727427277,2.15453917429986,11.2189160085863,2.97750095572507e-26,9.46227332024102e-24,48.8291783140354,"HSPA6","Up"
-1.28295380632038,2.17638948080304,-11.2114264984112,3.18662362177358e-26,9.93931512250601e-24,48.7624375017321,"GABRB3","Down"
1.00725943439708,1.02383850147394,11.1524743096882,5.43203073509318e-26,1.63378024412811e-23,48.2380356784828,"CLEC5A","Up"
1.91892283486141,3.97724584411409,11.141103217959,6.01946327172961e-26,1.76470645518249e-23,48.1370771299077,"COL4A1","Up"
1.52098841145166,4.78532133885231,11.1390124508992,6.13415125249973e-26,1.76470645518249e-23,48.118520961729,"MMP14","Up"
-1.14695415928498,2.08207088429211,-11.1381577443596,6.18165890018208e-26,1.76470645518249e-23,48.1109357970231,"FAM155A","Down"
-1.59095816506598,4.42166063083193,-11.1187276786337,7.366008236195e-26,2.06776127870387e-23,47.9385969272736,"SNX22","Down"
1.71477810741971,4.04839969614422,11.1158844864883,7.55727516534783e-26,2.08667517393366e-23,47.9133939227756,"COL1A2","Up"
-1.46261428341721,3.50612134708416,-11.04709505629,1.40347919670368e-25,3.75219049366349e-23,47.3048134844106,"CSDC2","Down"
-1.0598160913717,3.00815614701646,-11.0377737060822,1.52601490621552e-25,4.01604204146686e-23,47.2225242058198,"KIF21B","Down"
2.21944768353481,4.1250357318786,11.0010143707379,2.12196988127581e-25,5.41520283489824e-23,46.8984244749895,"NNMT","Up"
1.76333047775374,6.04212371378216,10.9727307896974,2.73344791208575e-25,6.79440617191674e-23,46.6495040310479,"ANXA2","Up"
1.64757831107712,5.10536229430375,10.9723369371939,2.74309576494887e-25,6.79440617191674e-23,46.6460405539817,"LGALS3","Up"
-1.2079598967832,4.46851065256922,-10.9700430368125,2.7999637463221e-25,6.83475208395699e-23,46.6258698694882,"ASIC1","Down"
1.62440917471255,4.27574078421927,10.9598665953594,3.06671024191458e-25,7.3789429435096e-23,46.5364177688142,"MIR4435-1HG","Up"
-1.76721177504797,6.62500301520092,-10.9245179381654,4.20511487543497e-25,9.97559856999312e-23,46.2260954936957,"SOX8","Down"
-2.01168041970652,3.0070829763757,-10.9228470740391,4.26827061491683e-25,9.98478916208946e-23,46.211442418842,"KLRC2","Down"
1.39518527757099,4.83018217940536,10.9112605636457,4.73292505549453e-25,1.09200899602321e-22,46.1098695248534,"MSN","Up"
-1.0138291097239,1.48874444361689,-10.8959454362444,5.42506604236987e-25,1.23478901826535e-22,45.9757118477231,"GDNF-AS1","Down"
-2.06675827793363,5.33455385934618,-10.8074086142127,1.19147469768525e-24,2.56086029246742e-22,45.2024345320386,"DLL3","Down"
1.75519414596177,4.87678466153418,10.8064971427199,1.20113972038785e-24,2.56086029246742e-22,45.1944941591166,"COL6A2","Up"
1.1637808543966,2.32620995478416,10.7939516941148,1.34235939417257e-24,2.79490057694035e-22,45.0852456520296,"BCAT1","Up"
1.85001940502972,4.43380329663936,10.793805299951,1.3441010908518e-24,2.79490057694035e-22,45.0839712865081,"IGFBP3","Up"
-1.22886537859721,2.19533408988625,-10.7850224356345,1.45280724295215e-24,2.98410151134671e-22,45.0075359155541,"MYT1","Down"
1.53217756206656,6.39113066497672,10.7677207017881,1.69315092696109e-24,3.43587241720551e-22,44.8570762851392,"FN1","Up"
-1.5296356717084,3.95572955652874,-10.7578195819203,1.84805381002291e-24,3.70556789550188e-22,44.7710419106175,"ATOH8","Down"
2.489047615463,2.93177330385982,10.7332206619842,2.29656220795802e-24,4.33015862648596e-22,44.5575075390345,"LTF","Up"
1.28902119951943,2.61087552309917,10.732373179564,2.3138055951062e-24,4.33015862648596e-22,44.5501563065471,"VASN","Up"
-1.09324304830306,2.97508199947543,-10.7243344230777,2.4838992760644e-24,4.59739730843436e-22,44.4804446232832,"GPR123","Down"
1.00947842766281,1.39183082032544,10.7178234834983,2.6307259214086e-24,4.81623007546576e-22,44.4240061120903,"CLCF1","Up"
-1.68529596178248,4.38744997111581,-10.7064905554001,2.9071451286872e-24,5.26505864542779e-22,44.3258206906466,"NEU4","Down"
-1.59700710881404,2.48308364672449,-10.6943079784643,3.23652821182585e-24,5.7992387948705e-22,44.220346957289,"VIPR2","Down"
-2.15765116570536,4.98420768640124,-10.6567076776291,4.50545068400895e-24,7.90471936153779e-22,43.8952898552961,"SHD","Down"
-1.39119888500604,3.93973029362768,-10.6545363946304,4.59223894319832e-24,7.97392582683396e-22,43.8765410221489,"DUSP26","Down"
1.47806627241576,3.62923646141986,10.6369467529499,5.3593615879459e-24,9.21099257405844e-22,43.7247450263261,"PLAT","Up"
1.54345584241589,2.35060785052675,10.6241429264009,5.9965974951278e-24,1.01430217361568e-21,43.6143496548064,"HSPA7","Up"
-1.38169486245136,3.0862226161555,-10.6236591015014,6.02209923182143e-24,1.01430217361568e-21,43.6101797370933,"SNAP91","Down"
1.46350754823731,1.95960498952477,10.6164810655985,6.41334647634792e-24,1.06950489803097e-21,43.5483288815805,"MOXD1","Up"
-1.09928975491134,2.7770416959001,-10.5789062955826,8.91244648252282e-24,1.47168956965816e-21,43.2249917808481,"GRIK2","Down"
1.09923155252044,4.06945744906335,10.5404678528876,1.24700294408347e-23,2.01954524876903e-21,42.8949771577339,"FKBP9","Up"
2.06832668411666,1.65982758197297,10.4995675859213,1.78121366951153e-23,2.80383007809184e-21,42.5446684603692,"SAA1","Up"
1.16403936903094,4.25107021705045,10.476268950669,2.18150425130554e-23,3.40213667636474e-21,42.3455065897739,"PTRF","Up"
-1.5878353892163,3.24511879116782,-10.4580297054405,2.5561842582606e-23,3.91398286017121e-21,42.1897915803422,"JPH3","Down"
1.16346291447829,1.24482740103018,10.4552970811863,2.61757275733936e-23,3.91696817732761e-21,42.1664771926065,"C6orf141","Up"
1.98539107470576,1.65512956773292,10.4537248980126,2.65355307580597e-23,3.92050828559649e-21,42.1530653085716,"PLA2G2A","Up"
1.19553503874226,1.27575499512201,10.4507470553385,2.72305416857441e-23,3.96548977439291e-21,42.1276656636217,"COL8A1","Up"
1.89278202702648,3.35156198696743,10.4504078006699,2.73108599316973e-23,3.96548977439291e-21,42.1247722706149,"COL1A1","Up"
-1.09326704563229,1.97931645531749,-10.4420170636408,2.93739744078477e-23,4.22859701667845e-21,42.0532296189517,"KCNJ11","Down"
1.33199803418986,5.11154387560982,10.4223152445309,3.48467417717564e-23,4.89103059718078e-21,41.8853897390251,"MRC2","Up"
-1.35019863257271,2.23093477999894,-10.410517219798,3.85969221718569e-23,5.37262776975691e-21,41.7849801108733,"FERMT1","Down"
1.16220892799407,2.52825390413819,10.3846911369697,4.82628957650011e-23,6.62258745185825e-21,41.5654379637391,"FBXO17","Up"
-1.0051412402638,3.10338426227607,-10.3844514764264,4.83630146991964e-23,6.62258745185825e-21,41.5634023096069,"CDH20","Down"
-1.48259868441747,3.57260026265099,-10.3827315040022,4.908761487735e-23,6.66760239821941e-21,41.5487939168295,"KCNIP2","Down"
1.44868055459402,2.68800427084211,10.3768579136648,5.16443000459932e-23,6.95875956539731e-21,41.4989190353163,"PLAU","Up"
1.37858935164238,1.73962780308001,10.3755910642405,5.22128416472466e-23,6.97953088781408e-21,41.488164130603,"ESM1","Up"
1.01937580680373,2.45046996693302,10.3543810772033,6.2709203530931e-23,8.31662295331867e-21,41.3082284760443,"TCEA3","Up"
1.15020627774143,0.925060236963307,10.345464218763,6.77244703903902e-23,8.84250585104916e-21,41.2326532629245,"HOXD11","Up"
-1.00211639695747,3.08912629946038,-10.2695626310966,1.30146190860696e-22,1.66064567626266e-20,40.5910612097399,"FAM13C","Down"
1.92903589044709,4.9238579168783,10.2567948216508,1.45218124189013e-22,1.83902922234252e-20,40.4834383834273,"ANXA1","Up"
1.11601363343369,2.43607471712604,10.2521856788943,1.51074494115447e-22,1.88929510678765e-20,40.4446083510471,"RGS16","Up"
1.30287068681151,3.95742741303546,10.2517334512543,1.51661572716302e-22,1.88929510678765e-20,40.4407991438353,"HSPG2","Up"
-1.10496416790521,1.67868204913187,-10.2510504961513,1.52552475522841e-22,1.88929510678765e-20,40.4350466796618,"SMIM18","Down"
1.29586614734747,1.64531405518146,10.2361396655759,1.73351835183984e-22,2.11577171014772e-20,40.3095167258228,"FCGR2B","Up"
1.64310696571525,3.24050811416971,10.2326632429208,1.78592342311483e-22,2.16405095075705e-20,40.2802669324712,"CD163","Up"
1.00780841069099,1.76841796767056,10.2276613265805,1.8640949983752e-22,2.24263943268811e-20,40.2381934195976,"SPAG4","Up"
-1.13274125835346,2.50224621163374,-10.2084717132889,2.1968070576819e-22,2.62417172145647e-20,40.0769055607207,"NOG","Down"
-1.37554283974813,2.51138905259523,-10.1941685998385,2.48254847580883e-22,2.94461718155268e-20,39.9568178782577,"LUZP2","Down"
-1.53483165351982,4.11024176969577,-10.1725982679029,2.98466350877986e-22,3.51543269079575e-20,39.7759246769257,"ATCAY","Down"
-1.12992319530571,1.81617037934452,-10.1692536272141,3.07107088851961e-22,3.59208659550943e-20,39.7478984246342,"CBLN1","Down"
-1.14962527163237,5.91722171700406,-10.1410332674354,3.9062801017041e-22,4.53748108641394e-20,39.5116692519118,"GABBR1","Down"
-1.49117032875071,6.36843649940564,-10.1311396587934,4.24957789426944e-22,4.90244112830001e-20,39.4289536548449,"OLIG2","Down"
1.04306931772533,3.1160453195554,10.1178035240609,4.76015088674963e-22,5.45409669289279e-20,39.3175412423296,"SLC43A3","Up"
2.30144104643766,7.01253890543165,10.1078258225105,5.18154548736979e-22,5.89680882728171e-20,39.2342492670307,"TIMP1","Up"
-1.10507898411056,3.08061610983049,-10.103213670061,5.38864855721534e-22,6.09134279524685e-20,39.195766274173,"DLGAP1","Down"
1.56578266961302,4.3019220024575,10.090673421251,5.99421859004768e-22,6.7307082474782e-20,39.0911914729908,"LINC00152","Up"
-1.89138778530246,6.64238040070209,-10.0721082108676,7.01679899127398e-22,7.77595607027989e-20,38.9365319096581,"RP11-161M6.2","Down"
-1.4827555660541,3.76796579588154,-10.06663326251,7.35015919782708e-22,8.09142035091513e-20,38.8909583463542,"SEZ6L","Down"
1.06844103870409,1.37414749929442,10.0570232779276,7.97373240773214e-22,8.72088148983328e-20,38.8110044919182,"LOX","Up"
1.39805086025076,3.02818427114589,10.0490779788579,8.52872132046188e-22,9.1496339618178e-20,38.7449389589257,"FCGBP","Up"
-1.72017414126952,5.19188002020493,-10.0404811713751,9.17245269596124e-22,9.77795068089083e-20,38.6734952416368,"SCG3","Down"
-1.77407618006238,2.7661016247486,-10.0324889037859,9.81406628740373e-22,1.03333132914538e-19,38.6071120740673,"RP11-231C18.1","Down"
-1.01891022715894,2.4713896582937,-10.0324640894881,9.81612614517963e-22,1.03333132914538e-19,38.6069060232331,"LINC00672","Down"
1.07313912391734,2.03476231484566,10.0226011155701,1.06697820554031e-21,1.11621825564692e-19,38.5250336099341,"HK3","Up"
-1.40610872048528,8.2142447772632,-10.0198987509582,1.09162680693577e-21,1.13495495735921e-19,38.5026106892341,"NDRG2","Down"
-1.25410393966316,3.44859577993248,-10.0063417042436,1.22407233606872e-21,1.25713721685399e-19,38.3901817391403,"SLIT1","Down"
1.3889847449904,6.46801591436044,9.99221877599103,1.37901548515403e-21,1.39920227809936e-19,38.2731680449977,"SOD2","Up"
1.06310111141929,2.94642142006848,9.98813758854118,1.4273097967587e-21,1.43096303016707e-19,38.2393744693044,"BCL3","Up"
1.21513070887465,2.85548729229217,9.98204578183863,1.50253530654572e-21,1.49746758391417e-19,38.1889494826109,"EMILIN2","Up"
1.27372052219808,3.00833517934148,9.96856858968596,1.68322689488755e-21,1.66169179992517e-19,38.077465072349,"CCDC109B","Up"
-1.65797232290218,4.38097253661313,-9.96254135569668,1.77086074146891e-21,1.73410508538145e-19,38.0276399599254,"BTBD17","Down"
-1.28239752953496,1.68437499171852,-9.93447132314938,2.24244699755646e-21,2.15825913027677e-19,37.795860762156,"RP5-1119A7.17","Down"
1.0875650866839,1.24796180135131,9.92717987456835,2.38410991848145e-21,2.28156609982859e-19,37.7357258422701,"LIF","Up"
-1.17979408430643,2.2952326020931,-9.91735593431813,2.58910886097104e-21,2.44990789580535e-19,37.6547515888187,"RGR","Down"
1.16780805892279,1.26207282990101,9.91303444057176,2.68473680767458e-21,2.52620234925491e-19,37.6191485685956,"DMRTA2","Up"
1.46668308729787,5.43820803522194,9.91004820051409,2.75285681773184e-21,2.57590929894763e-19,37.5945522588157,"IFI30","Up"
1.59547852880478,4.73029188786616,9.90051462457743,2.98201416499259e-21,2.77492069508122e-19,37.5160618943312,"TGFBI","Up"
1.24364219459977,2.60236809653956,9.89187140395128,3.20607485880202e-21,2.96702850806607e-19,37.4449458536566,"CD248","Up"
-1.82305177013063,4.35068234048994,-9.89103064487483,3.228741773621e-21,2.97167746956822e-19,37.4380303590003,"NSG2","Down"
-1.42666386025638,2.6036264353281,-9.85876592438603,4.22980374410539e-21,3.85095051145768e-19,37.1729431564729,"CA10","Down"
-1.07512837780857,2.81678985224528,-9.85183028139813,4.48228299815515e-21,4.03717072395333e-19,37.1160362761634,"MEGF11","Down"
1.13592030021368,3.0404013864637,9.85113492576887,4.50840618414713e-21,4.03910028508458e-19,37.1103323840089,"LAMC1","Up"
1.44513564328926,3.78366540887644,9.84835612142168,4.61431687248809e-21,4.11211317901148e-19,37.0875410105324,"PLP2","Up"
1.35249768777301,6.2895341553621,9.83980077417141,4.95613662783525e-21,4.39348469592785e-19,37.0173985416711,"LDHA","Up"
1.26739676492543,2.19112806799518,9.81233757467043,6.23232038663115e-21,5.43360685019338e-19,36.7925159412918,"COL5A1","Up"
-1.21126894926047,2.8400342493517,-9.81183459260459,6.25850340757298e-21,5.43360685019338e-19,36.7884012436877,"PTCHD2","Down"
1.3032267141366,4.5985221527468,9.80131215752943,6.8319707914851e-21,5.89639130131089e-19,36.7023541870277,"ACTN1","Up"
1.57586657049617,4.58208025938765,9.79900471600038,6.96453099893154e-21,5.9544972393403e-19,36.6834934994656,"TNC","Up"
1.46007050272477,4.9446514955612,9.78889499786409,7.5760485263348e-21,6.44461542065945e-19,36.6008937220196,"IGFBP5","Up"
-1.68176464948699,8.92216165475049,-9.77660969428157,8.39122911713831e-21,7.10218452361611e-19,36.5005967175769,"BCAN","Down"
1.32809311576628,1.79060203504851,9.75818324876085,9.77968716066452e-21,8.19498859935684e-19,36.3503242914994,"PTX3","Up"
-1.32097494714678,3.48829006671816,-9.75141234908722,1.03452163025027e-20,8.62596426648778e-19,36.2951543871449,"RP11-284F21.7","Down"
-1.13521467685572,3.44207515551264,-9.74304923115375,1.10886804674409e-20,9.20032734547327e-19,36.2270469941526,"WDR86","Down"
-1.28604075261308,3.51989325483616,-9.73712522530924,1.16471400656883e-20,9.56940390860427e-19,36.1788273197759,"RCOR2","Down"
1.33259529368623,4.75860803260909,9.73252083219855,1.21003868195043e-20,9.89353471849081e-19,36.1413627354344,"EMP1","Up"
-1.06794204025901,1.19909001016705,-9.731360793976,1.2217310478308e-20,9.94087731334017e-19,36.1319257560194,"RP1-293L6.1","Down"
1.452142874513,1.90558688718181,9.7281571130936,1.2546071102601e-20,1.01593017106302e-18,36.1058676139534,"CA9","Up"
1.33062532354624,5.69746454728168,9.71469721463033,1.40259092027247e-20,1.13032721866742e-18,35.9964513869333,"CLIC1","Up"
-1.06886221398628,3.8608697320294,-9.70267577873015,1.5493212473642e-20,1.24262941758834e-18,35.8988161009189,"FAM110B","Down"
1.06212675579328,5.27408488680952,9.6872028985855,1.76078113234894e-20,1.39233974704944e-18,35.7732708424535,"PSRC1","Up"
1.50818543717091,8.83020237793525,9.67237407081,1.99021872059859e-20,1.56641373416084e-18,35.6530802604357,"VIM","Up"
1.08865620879165,2.45338502954548,9.66957515530087,2.03673832348352e-20,1.58818442511263e-18,35.6304086684494,"ICAM1","Up"
1.58042567494888,4.29031749225688,9.64903027349369,2.4128560462181e-20,1.8642079993785e-18,35.4641303173622,"OCIAD2","Up"
1.2649412457167,2.65721228546353,9.64321530996221,2.53129527754073e-20,1.9467856785214e-18,35.4171115160877,"FLNC","Up"
1.23974350072004,1.76703220176916,9.63933474269933,2.613523677855e-20,2.00088996845963e-18,35.3857447589809,"FCGR2C","Up"
1.32811060325826,1.81919133885285,9.63295045438634,2.75460640961076e-20,2.0960996816524e-18,35.3341592433959,"IL13RA2","Up"
-1.2109158117815,2.0338641056036,-9.61691308896253,3.14319732833894e-20,2.37403016148936e-18,35.2046799877477,"WNT7B","Down"
-1.3198553065724,2.24756288463841,-9.60435552989066,3.4850040775862e-20,2.6204430213743e-18,35.1033991108583,"SCRT1","Down"
-1.37937745337606,4.32164182596097,-9.59862199508089,3.65308213593571e-20,2.73461610735845e-18,35.0571866114967,"JPH4","Down"
-1.16163868565953,3.219521868492,-9.58586183798334,4.05653943791562e-20,3.00988078206224e-18,34.954407674209,"ARPP21","Down"
1.21099817738229,4.43205741001872,9.58400462095457,4.11883316669179e-20,3.04269767660482e-18,34.9394562659016,"RAB34","Up"
-1.01036895804188,3.17843220055225,-9.57560198976673,4.41273209865684e-20,3.24557409334835e-18,34.8718364406278,"CADM2","Down"
-1.16560392978882,2.51425481521042,-9.57012656322557,4.61533877580236e-20,3.37983265221039e-18,34.8277952448045,"BMP2","Down"
1.07143385417306,3.51941857249929,9.55720512890491,5.13076753478667e-20,3.70890633426661e-18,34.7239317415487,"TGIF1","Up"
1.3240368163761,3.3578330238851,9.54791336117775,5.53629996111332e-20,3.98495300192443e-18,34.6493038558129,"PDLIM1","Up"
1.52681714379273,3.80329441062366,9.53780251924311,6.01373761044774e-20,4.27381361066546e-18,34.5681546481904,"GPNMB","Up"
-1.12800878250333,1.85376107448108,-9.5349464880458,6.15584375533991e-20,4.35642337694076e-18,34.5452430579924,"SLC1A6","Down"
-1.16723023492276,3.55767081369457,-9.53131368326891,6.34141860677378e-20,4.46897546417953e-18,34.5161069308915,"GRIA4","Down"
1.11394489765633,3.23183859508119,9.51344878865998,7.3378713551721e-20,5.14965696813182e-18,34.372937571431,"PYGL","Up"
1.19046797732624,3.07899334365413,9.50656464493339,7.76199159839954e-20,5.40228200379519e-18,34.317817822752,"PINLYP","Up"
-1.16384373216005,2.73784192894848,-9.49093284343019,8.8174028776451e-20,6.01234391303555e-18,34.1927606613426,"RP11-1055B8.3","Down"
-1.06852906827223,3.42933354035415,-9.49044261992375,8.85270611193265e-20,6.01234391303555e-18,34.1888411033051,"RHBDL3","Down"
1.05061531048672,3.03549306246209,9.48531207423126,9.23069129961667e-20,6.21890134237774e-18,34.1478285344897,"AC010441.1","Up"
1.19941973039897,4.54374160863592,9.4767663828127,9.89611191930595e-20,6.61429416892341e-18,34.0795502617433,"F3","Up"
1.18403759648381,2.56517114218889,9.47342397088948,1.01691193069406e-19,6.76990025639529e-18,34.0528567626824,"LOXL1","Up"
-1.68559973202383,4.74979801161171,-9.47014598109584,1.04441124822717e-19,6.92559789523238e-18,34.02668413385,"GDAP1L1","Down"
-1.38244446022608,4.21802629431137,-9.46676654580349,1.07353327801226e-19,7.09079254963154e-18,33.9997081406882,"LINC00634","Down"
1.23456896216221,3.62827431122623,9.46551756299215,1.08449878675317e-19,7.13523947862645e-18,33.9897399639078,"SPON2","Up"
-1.27780561085021,3.19007516215242,-9.39164876731621,1.97494623742924e-19,1.2793853645008e-17,33.4018264550556,"RPRM","Down"
-1.60611401024632,7.80142542634865,-9.38294817094961,2.11897596271727e-19,1.36742958390984e-17,33.3327918396629,"HES6","Down"
-1.43391184724608,3.73275351903183,-9.36660869922024,2.41815794585245e-19,1.53694468988652e-17,33.2032682378596,"LPPR1","Down"
-1.0837338416665,5.88596108638557,-9.36395635192332,2.47052412986836e-19,1.56432473381101e-17,33.182257948003,"HIP1R","Down"
1.00543663726616,0.932887943159423,9.36237496482232,2.50227910027337e-19,1.5784976361762e-17,33.1697331472422,"HOXD10","Up"
1.37458780688101,1.49014210574027,9.34577007237861,2.86113244817115e-19,1.79813633673681e-17,33.0383099976553,"IL8","Up"
-1.06153833650393,3.47311609007262,-9.34174472791469,2.95553857978235e-19,1.85056268770536e-17,33.0064752348633,"PID1","Down"
1.33528024629066,4.2033869795773,9.33570213649719,3.10307906685296e-19,1.93574669344461e-17,32.9587050452228,"NAMPT","Up"
-1.06500107728533,1.49454935685366,-9.30412647620453,4.00121666999767e-19,2.45063608628257e-17,32.7094357366896,"RP11-357K6.1","Down"
-1.57318887477471,4.73548368814706,-9.28602258252937,4.62778781871313e-19,2.81392888919081e-17,32.5667863019658,"RASL10A","Down"
1.42870786546076,6.03953128797336,9.26747057099669,5.37069882564306e-19,3.25390936403979e-17,32.420809848189,"C1R","Up"
-1.72646132177151,5.95829174642718,-9.26533690374657,5.4633790143009e-19,3.29819687232509e-17,32.4040343464953,"BAI1","Down"
-1.00218771404861,1.80851907579011,-9.24715764006777,6.32008687151093e-19,3.80175797060209e-17,32.2612148218583,"GABRA3","Down"
1.2136171274639,5.15563387237887,9.24620930015915,6.36826030629463e-19,3.81710349960571e-17,32.2537699538325,"CEBPD","Up"
1.14146070681573,1.41377668984173,9.23598685877317,6.91120093224226e-19,4.08439850181602e-17,32.1735538803812,"COL6A3","Up"
-1.13553135555589,4.9516572941396,-9.22695595619815,7.42885543860247e-19,4.35972864642444e-17,32.102740296609,"ADCYAP1R1","Down"
-1.31644886188652,5.05842460102956,-9.2165975870855,8.07002833134247e-19,4.71956552725004e-17,32.0215783240837,"LINGO1","Down"
-1.01185392185723,2.9535472210705,-9.16924649161085,1.1772563329666e-18,6.83742359177808e-17,31.6513901458152,"C2orf27A","Down"
-1.05957863625269,1.89727691648338,-9.16742587049582,1.19444150610226e-18,6.86620419361104e-17,31.6371837718829,"RP11-143K11.1","Down"
1.00200263200751,4.49121023395731,9.16356714891149,1.23169035933461e-18,7.05624514363023e-17,31.6070806805696,"MCAM","Up"
-1.51982107567371,5.92808737346429,-9.16273720050353,1.23985109803184e-18,7.07891933700011e-17,31.6006071761786,"NKAIN4","Down"
-1.07270311067086,6.47988459344906,-9.14962246945712,1.37614799665502e-18,7.75199354771254e-17,31.498369338875,"PDZD4","Down"
-1.17332772598203,3.41697283783846,-9.13756704838177,1.51447577105022e-18,8.47452339262419e-17,31.4044818341346,"LINC00925","Down"
-1.19551852634323,2.81081128122666,-9.13240956977084,1.57778033999093e-18,8.79952128028718e-17,31.3643424796041,"ZNF488","Down"
1.02959417190713,3.41119393397014,9.12841921486685,1.62855127462942e-18,9.05270267940043e-17,31.3332976811161,"FCGR2A","Up"
-1.4808880175796,6.13986762317968,-9.0895847625941,2.2153706721292e-18,1.19979061834959e-16,31.0316750196238,"ENHO","Down"
1.30905009722825,2.46649319807143,9.0741542381257,2.50287215307529e-18,1.33404669855212e-16,30.9120841289028,"PLA2G5","Up"
-1.13438764378308,6.86162625711305,-9.05854272444696,2.83131676476605e-18,1.49961849902373e-16,30.7912391591165,"TNK2","Down"
1.09531154908759,3.8886308718741,9.04937743403038,3.04366403194059e-18,1.60201354031173e-16,30.7203626012507,"LAMB1","Up"
1.34643759695849,1.01905918565061,9.04796653396682,3.0777242470248e-18,1.61489437671772e-16,30.7094564880707,"SAA2","Up"
1.14815133742877,1.60988667614152,9.04037091954578,3.26767744094603e-18,1.70394709405121e-16,30.6507642102012,"SLC47A2","Up"
-1.2875037319604,3.71079632910354,-9.03971722092493,3.28455780206405e-18,1.70746318086928e-16,30.6457146573416,"FAM57B","Down"
-1.60571300341716,3.24409958347884,-9.03750419685022,3.34234788713452e-18,1.73215893732328e-16,30.628621909982,"GPR17","Down"
-1.01831367642964,1.24053424176559,-9.00408568917648,4.34788934765592e-18,2.22588146755528e-16,30.3708742113622,"TRIM67","Down"
1.20746291478825,3.46703155513012,8.9877560331458,4.94295166509744e-18,2.52285257258291e-16,30.2451789495397,"SLC11A1","Up"
-1.12169943773663,3.80774124691296,-8.97926060849388,5.28372268185252e-18,2.68053437139886e-16,30.179851853614,"FAM222A","Down"
1.09389219308232,2.5671266242015,8.96286800705143,6.00833252815217e-18,2.99403386898423e-16,30.0539244147547,"MSR1","Up"
1.06102916747355,1.71736065288786,8.95389324471469,6.44586259914399e-18,3.19316658109948e-16,29.985051206848,"THBS1","Up"
-1.45185890639421,2.86235796430731,-8.94729076652697,6.78774000146319e-18,3.35266583122125e-16,29.9344150825661,"INA","Down"
-1.41672453553489,7.4994660224475,-8.9326472523115,7.61135580659541e-18,3.72668796076995e-16,29.8222068850276,"ALDOC","Down"
1.00050400461513,2.12702351002143,8.91664360409608,8.62487510007535e-18,4.17438998018877e-16,29.6997291320853,"FAM20A","Up"
-1.52266277677748,4.67782372560244,-8.91185332747658,8.95344120011165e-18,4.32099742502809e-16,29.663099642584,"ASIC4","Down"
1.25205558085221,6.35792347713299,8.90897288454526,9.15694482781777e-18,4.3940291092574e-16,29.6410808435286,"TAGLN","Up"
-1.09693811243814,3.44687820513367,-8.90547970515227,9.40988951950155e-18,4.50257866980013e-16,29.6143850871715,"H2AFY2","Down"
1.62017400184208,1.74249836486623,8.89276908846519,1.03900322022511e-17,4.9295580952821e-16,29.5173116679799,"POSTN","Up"
-1.17182261655589,1.67964069239174,-8.86621468365285,1.27754927375615e-17,5.96059900772156e-16,29.3148366443394,"RP11-1C8.7","Down"
-1.02877992401355,3.19586603366325,-8.85678164223274,1.37473188224853e-17,6.37868019082975e-16,29.2430168631444,"NRXN1","Down"
-1.02321061087386,2.23192061696025,-8.84996443658484,1.44948552277302e-17,6.6886807287852e-16,29.1911478665487,"MAPT-AS1","Down"
-1.17996938104474,3.72296410233545,-8.83526303342743,1.62465840301472e-17,7.41575107912652e-16,29.0793909683544,"DLL1","Down"
-1.15707914991958,2.6215080824749,-8.83331295257964,1.64941534640126e-17,7.50840612957741e-16,29.0645770796573,"SCN3B","Down"
1.55496359715178,5.58992349712215,8.83194208097367,1.66704214255927e-17,7.5681915922172e-16,29.0541646152576,"AEBP1","Up"
-1.01311501539623,2.73200537249287,-8.82853135053391,1.71171063185232e-17,7.75009198179802e-16,29.0282635195721,"PCBP3","Down"
1.34533258296701,2.28571376365271,8.80978441858203,1.9792201451332e-17,8.86595875119107e-16,28.8860300392075,"HOTAIRM1","Up"
1.07488886639189,3.91901814789082,8.79624813845204,2.19770905969885e-17,9.79259621494912e-16,28.7834676538191,"FSTL1","Up"
-1.93608486739999,3.45763253060917,-8.7805547522323,2.48102372954661e-17,1.0939236302815e-15,28.6647060162326,"C5orf38","Down"
-1.18832500945387,4.21545815479346,-8.77997198016689,2.49221311813747e-17,1.09598813443315e-15,28.660298814332,"GRIA2","Down"
-1.2094268666009,3.32905988084282,-8.74709174125915,3.21140750644349e-17,1.37632917636203e-15,28.4119909774475,"CELF5","Down"
-1.18649971583777,1.64053603681798,-8.74546544022544,3.25187591769487e-17,1.39013568735367e-15,28.3997271222601,"RP5-1177M21.1","Down"
1.02580335792382,2.59114253240626,8.72858985207532,3.7027579379225e-17,1.57092070399065e-15,28.2725682811723,"RDH10","Up"
-1.46063998430238,5.91470516547839,-8.680320076064,5.36281440967938e-17,2.21386968387818e-15,27.9098524604126,"RUNDC3A","Down"
-1.55867785757658,3.24113019369873,-8.66992589119672,5.80696906582039e-17,2.37972700670591e-15,27.8319414792704,"LPPR3","Down"
-1.26031860914365,3.66573679845327,-8.6694307645416,5.82901107570027e-17,2.38296197932087e-15,27.8282319156732,"SRRM3","Down"
1.00089425483468,0.95719123207593,8.65033218500236,6.74544100797268e-17,2.73109285810779e-15,27.6852622145927,"IBSP","Up"
-1.52549140216162,3.9830876660697,-8.62859080389778,7.96303582787679e-17,3.20098836393625e-15,27.5227933187701,"ABCC8","Down"
-1.18004451792988,3.27756480020851,-8.62479155472214,8.19707721061739e-17,3.28722312996259e-15,27.4944334447292,"RIPPLY2","Down"
1.0711085766428,1.97916679708353,8.61676187423858,8.7143375036656e-17,3.47809446858388e-15,27.4345256084242,"PHLDA2","Up"
1.50457085547262,1.34941796707001,8.60954660124573,9.20659677269778e-17,3.64862845747174e-15,27.380729262709,"PI3","Up"
1.07068962211239,1.71445693249185,8.60628490164022,9.43805645502856e-17,3.73157710967244e-15,27.3564213523043,"FMOD","Up"
1.75553030463967,6.57551635179521,8.59689203244254,1.01372397500045e-16,3.97998902352742e-15,27.2864589822677,"SERPINA3","Up"
-1.18261995624911,4.0149129913238,-8.59433311591606,1.03364400175693e-16,4.0487595166493e-15,27.2674088549146,"CNTN1","Down"
1.13234444337999,2.92806049939074,8.58602738219385,1.10100584823752e-16,4.28273475793637e-15,27.2056050129618,"GBP1","Up"
1.08688539327392,1.69981059589718,8.5614394414581,1.32692499774211e-16,5.1142786583456e-15,27.0229044901373,"CTD-3049M7.1","Up"
-1.14369344135071,4.20529426905752,-8.55891480134592,1.35256956632784e-16,5.20121671362096e-15,27.0041672793569,"IGSF21","Down"
1.40286812802669,4.34328203703067,8.54658775416282,1.48499551175777e-16,5.67160530715106e-15,26.9127384110897,"S100A4","Up"
1.62446382991865,5.31148362828175,8.53922270984367,1.57015184579012e-16,5.96038792979299e-15,26.8581593229582,"FABP5","Up"
-1.43466474958187,3.53994605074399,-8.53317376239779,1.64368841495703e-16,6.16584498287778e-15,26.8133595324116,"CHGB","Down"
1.92819756435996,5.43262340175133,8.52486749272582,1.75024420120627e-16,6.48991733792353e-15,26.7518801884698,"CHI3L2","Up"
-1.08394335912132,3.78177119719062,-8.50291295118071,2.06589505078249e-16,7.61397600444845e-15,26.5895979889408,"PHACTR3","Down"
-1.18516709811171,5.3090923060772,-8.50172409299682,2.08450910709181e-16,7.66580499797978e-15,26.5808192013387,"PSD","Down"
-1.49522766720596,3.25533301771106,-8.49654654834228,2.16752688315443e-16,7.91923108307376e-15,26.5425978043217,"ETNPPL","Down"
-1.07869368219224,2.37959733831673,-8.49383147481098,2.21235890785878e-16,8.0655327023951e-15,26.5225617027476,"LINC00237","Down"
-1.10630878130776,3.70476215888655,-8.47022404503351,2.64287232783669e-16,9.51151679866526e-15,26.3485511501951,"PDE2A","Down"
-1.14485713226465,2.6222682449921,-8.46258656021164,2.79914360273161e-16,1.00310586597465e-14,26.2923329848939,"CAMSAP3","Down"
-1.0076349974855,2.04219678643959,-8.45968013622749,2.86098217625844e-16,1.02092209310849e-14,26.2709493173929,"KLRK1","Down"
-1.03753139604058,5.89952618756291,-8.44756153376991,3.1337107274862e-16,1.09801553487628e-14,26.1818476173829,"GPR162","Down"
-1.5551554010966,3.63072545687289,-8.4421211349706,3.26435846256288e-16,1.14069687935574e-14,26.1418784527227,"ACTL6B","Down"
1.17407487068197,2.45253050106826,8.43031774625847,3.56660731997989e-16,1.2360569360169e-14,26.0552286777304,"CTHRC1","Up"
1.11768625988599,2.826835516228,8.40442700517311,4.32986474637877e-16,1.47627352071372e-14,25.865482061288,"FAM181A","Up"
-1.39063105483525,3.06846710216604,-8.39906434565769,4.50707407592452e-16,1.53049694880638e-14,25.8262354867738,"NPPA","Down"
-1.32900322681053,8.17288568780727,-8.39791284170927,4.54605041466982e-16,1.54062630048861e-14,25.8178106791542,"FXYD6","Down"
-1.2856488905189,2.12395660876722,-8.37361988873339,5.45053567119063e-16,1.83606744619728e-14,25.640278100613,"SVOP","Down"
-1.32346936984789,5.91205505254197,-8.36207042165584,5.94082065223632e-16,1.98534210804794e-14,25.5560109991547,"RTN1","Down"
-1.36169569280428,3.02916512028155,-8.34160343396654,6.91900378622625e-16,2.28503491708644e-14,25.4068960493457,"USH1C","Down"
-1.15696433208289,3.81936910752028,-8.34094684042444,6.95288819186188e-16,2.28830922361924e-14,25.4021169283363,"ASCL1","Down"
1.12627123041238,2.89247126978333,8.28407224847244,1.06042809005134e-15,3.3827254395331e-14,24.9892289192375,"FBLIM1","Up"
1.03601567973827,2.68210337342198,8.28294765960074,1.06929285400817e-15,3.40455567865022e-14,24.9810864549425,"LOXL2","Up"
1.01155392528373,1.69987849126614,8.28205393367119,1.0763899813207e-15,3.42068612365747e-14,24.9746161280356,"ACTG2","Up"
1.12147205383543,2.82274473147327,8.27419791917564,1.14081146305719e-15,3.60500703044506e-14,24.9177636105727,"C8orf4","Up"
1.04573565608195,1.62653378897292,8.26091066591212,1.25855014398695e-15,3.94010410319187e-14,24.8216996424532,"CA3","Up"
-1.09348241912327,5.58091625111811,-8.22111340652929,1.68783926515052e-15,5.17819248505104e-14,24.5346779096484,"FAIM2","Down"
-1.09243219074417,4.66122462786359,-8.2166613281142,1.74406122819814e-15,5.33125649120532e-14,24.5026348384439,"SERP2","Down"
-1.1036667725517,1.11250965813303,-8.21452856547303,1.77164573333261e-15,5.40576613886253e-14,24.4872893393896,"RP11-82C23.2","Down"
1.12493839477272,4.42139656484034,8.19662792082973,2.02081304533184e-15,6.11069194300254e-14,24.3586118856467,"HMOX1","Up"
-1.48151195869478,4.5161146613304,-8.18425714149803,2.21292654234041e-15,6.64390762079136e-14,24.2698108620153,"MIR219-2","Down"
-1.15684217605074,5.01478041190006,-8.18339393836214,2.22698576839036e-15,6.67422087135212e-14,24.2636183700906,"MAPK8IP2","Down"
1.64623887665541,5.11921237169868,8.14763166776038,2.89386832560757e-15,8.52647263383126e-14,24.0075048557542,"RARRES2","Up"
-1.04039048701022,5.07215685896455,-8.14754752819412,2.89564943688861e-15,8.52647263383126e-14,24.0069032992749,"SEPT3","Down"
-1.70181036258086,8.29547759094648,-8.14469500718896,2.95667785271915e-15,8.69098168819347e-14,23.9865119973532,"OLIG1","Down"
-1.06627700222825,3.14530322341485,-8.14398648101491,2.97203233403591e-15,8.7208955752904e-14,23.9814479333973,"AKR1C3","Down"
-1.01579792378284,4.4546685447323,-8.14166399848876,3.02291708165888e-15,8.85478128806616e-14,23.9648507751059,"NDN","Down"
-1.1819654597114,3.11639071710678,-8.12133469280456,3.50666981526209e-15,1.01657211184956e-13,23.8197265756158,"SH3GL2","Down"
1.06362386415584,3.3356042718587,8.10893755855235,3.83839919307636e-15,1.10136554700145e-13,23.7313643549335,"SERPINA1","Up"
-1.21278879374952,5.14559577569197,-8.10644825180113,3.90865290369879e-15,1.11771546446517e-13,23.7136340017397,"CMTM5","Down"
1.09754496473452,3.56190850206644,8.09313721343255,4.30642612347114e-15,1.2231557368908e-13,23.6188957806638,"ANGPTL4","Up"
-1.36624897288248,3.30138577121611,-8.0889894401644,4.43835332271926e-15,1.25638966411026e-13,23.589399454665,"SLC25A48","Down"
1.21968368293891,4.8724012723204,8.07625723894971,4.86875567744625e-15,1.37131190426801e-13,23.4989288758816,"CD44","Up"
-1.29016015299855,4.70621387250875,-8.03178555937152,6.72119886925181e-15,1.8619268512304e-13,23.1837913026955,"ATP1A3","Down"
1.28122948282655,3.94757167882766,8.03115108191934,6.75212328916732e-15,1.8674222095147e-13,23.1793049572209,"CYR61","Up"
-1.19215798759255,4.73082890220553,-8.00959633539324,7.89039162832509e-15,2.15045090931844e-13,23.0270556773355,"PHYHIPL","Down"
-1.03396201066945,3.69945879752071,-7.97410922401127,1.01904377962923e-14,2.72008785741602e-13,22.7770871996096,"CACNA1A","Down"
1.15554514386123,1.70635526523219,7.95925118791851,1.13395812575089e-14,3.01250105867857e-13,22.6726840091558,"HOXB3","Up"
-1.26618106449108,3.02207253351954,-7.95461632491992,1.17235519681966e-14,3.10960292598952e-13,22.6401470784729,"GALNT9","Down"
1.24060613258305,4.10538139580096,7.95098952681696,1.20329339368908e-14,3.18164374095841e-13,22.6146970711791,"RGS1","Up"
1.02446211727061,5.04638250192583,7.94698131759759,1.23842299880373e-14,3.25635368304029e-13,22.5865811106091,"ACTA2","Up"
-1.38550957673382,2.05095173748154,-7.9214136703925,1.48756815504238e-14,3.86652938817575e-13,22.4074938895005,"RP11-307B6.3","Down"
-1.09206286112784,1.83735286673912,-7.90007227346233,1.7329189442143e-14,4.44932222216487e-13,22.2583532271122,"HRH3","Down"
-1.20529900083655,2.88216383020296,-7.89534204865408,1.79248465496216e-14,4.5882703713568e-13,22.2253393146947,"LINC00599","Down"
1.05493739170802,3.32293112483541,7.89502349022555,1.79656795564801e-14,4.59174416949612e-13,22.223116536723,"PRSS23","Up"
1.03693962085596,3.26788144918126,7.88757966459761,1.89463982360435e-14,4.7987095562358e-13,22.1711963006304,"ISG20","Up"
1.42524445118237,4.50293640676368,7.85191028028185,2.44291561803374e-14,6.07769981603283e-13,21.9229351103247,"S100A9","Up"
1.02339103703103,2.95757849212786,7.84046683100797,2.64997173957105e-14,6.54449765536587e-13,21.843474309239,"SPRY1","Up"
1.5055156837328,5.26567112995216,7.82930672506856,2.86854533200294e-14,7.04298965407079e-13,21.7660683225374,"RBP1","Up"
-1.0488249747147,6.01865418221464,-7.8215986298091,3.02979847585724e-14,7.42807798091172e-13,21.7126557267301,"SYP","Down"
1.11756776149642,1.66660044590013,7.81620651183222,3.14788401115756e-14,7.69518293177457e-13,21.6753159979307,"HOXD9","Up"
1.40050024372078,4.42736298803139,7.80993170582673,3.29102391803941e-14,8.0218112665033e-13,21.631889171141,"CCL2","Up"
-1.19843511015163,5.350350834086,-7.78381706770391,3.9589454782536e-14,9.53941612163454e-13,21.4514482139422,"DGCR6","Down"
-1.175403001964,3.07734088508194,-7.76989584897471,4.36792670692725e-14,1.04501405574965e-12,21.3554524577497,"PPP1R1A","Down"
1.03668456348422,4.99108384901834,7.7541567229543,4.88064115931181e-14,1.16108247240521e-12,21.2470837423331,"EMILIN1","Up"
-1.01562927714225,2.773823004673,-7.746851864287,5.13834251070624e-14,1.22066435695099e-12,21.1968462735877,"NRSN1","Down"
-1.25116604765724,3.0134670445055,-7.74127441919199,5.3440949598528e-14,1.26597174977216e-12,21.1585137783679,"HES5","Down"
1.07522632928379,5.32452425428206,7.7314958972163,5.7246131079122e-14,1.34852669337853e-12,21.0913607160175,"TMEM176B","Up"
-1.62074760885079,4.04441096423093,-7.71651326598211,6.36004680137044e-14,1.49195359715156e-12,20.9885986755413,"CPLX2","Down"
-1.02156946278482,3.9751573847452,-7.70025365213559,7.12844020054853e-14,1.66064064035738e-12,20.877256011323,"MAST1","Down"
1.08695395628773,2.96323228583909,7.69079735230474,7.61668821970811e-14,1.7646200781918e-12,20.8125863677648,"CFI","Up"
1.14727760542001,6.373534347886,7.68575455996522,7.89038777094507e-14,1.81554373259601e-12,20.7781254292454,"CAPG","Up"
-1.4939573217436,4.68792340399038,-7.67419167113608,8.55510618546598e-14,1.95248852956373e-12,20.6991755253508,"TTC9B","Down"
-1.13454798887893,3.25121081461494,-7.66331626316281,9.23054204917064e-14,2.09246325348831e-12,20.6250054173569,"VSTM2B","Down"
1.57254971901062,7.88417413899414,7.63360213771297,1.13556982967677e-13,2.54002691118803e-12,20.4227801085013,"SPP1","Up"
1.03566744846706,5.57362381754485,7.60711404550419,1.36522986618934e-13,3.00976003091977e-12,20.2430352746818,"CD14","Up"
1.41348119070814,3.97733561245297,7.59942548359769,1.44007413612992e-13,3.1623427216214e-12,20.190954524971,"S100A8","Up"
1.04793615834176,5.19223477607255,7.58678431511949,1.57201188165837e-13,3.42527763554618e-12,20.1054167686681,"GADD45A","Up"
-1.31601825819139,3.84991093089679,-7.5836428677439,1.60660566384067e-13,3.4961316790786e-12,20.0841774012385,"NECAB2","Down"
-1.52886385861203,3.9684342492433,-7.578767019372,1.66178989940654e-13,3.59762561384375e-12,20.0512255765289,"CHGA","Down"
-1.11548508091013,3.54483022010028,-7.54724201524585,2.06647772286861e-13,4.41696501094873e-12,19.8385812300635,"CELF3","Down"
-1.36096247233585,1.53980969975028,-7.54434658160086,2.10818724723289e-13,4.48902627119387e-12,19.8190861719866,"CTD-2339F6.1","Down"
-1.08398576987286,2.0285079225615,-7.54097428819434,2.1578125009519e-13,4.57733450296384e-12,19.7963879149717,"VSTM2A","Down"
1.31678438248998,4.50986708990046,7.53597571755804,2.23349367802138e-13,4.72004190952498e-12,19.7627583807622,"MAOB","Up"
-1.0033116519628,5.53781271504166,-7.51905494627031,2.50961406234667e-13,5.23136505595359e-12,19.6490503126444,"NCAN","Down"
-1.11683096145761,2.51422382591888,-7.47546223639165,3.38548861706181e-13,6.95248847315308e-12,19.3570467396676,"CKMT1B","Down"
1.05766762968159,4.38703523343758,7.4753134934037,3.38894082791586e-13,6.95248847315308e-12,19.3560527164589,"MYL9","Up"
1.16216190767187,2.77599814944551,7.43665712238882,4.41435578283191e-13,8.90431071260333e-12,19.0982561399542,"CP","Up"
1.00071123677173,5.11539094893032,7.43399257897597,4.49535208530944e-13,9.0352285409149e-12,19.0805259630005,"EFEMP2","Up"
-1.11935956581709,4.90953851807011,-7.42671953365665,4.72396084459087e-13,9.40492582806667e-12,19.0321562350981,"ATP6V1G2","Down"
1.16597923191638,5.19654064230081,7.39660058068843,5.79888672527362e-13,1.13968085313633e-11,18.8322535232655,"SERPING1","Up"
-1.36480494441686,2.5835786192638,-7.39164020061467,5.99765963417042e-13,1.17463466532945e-11,18.7993935697313,"TPTEP1","Down"
-1.03654972461976,3.93375900479132,-7.3774944692549,6.60209318079312e-13,1.28257272715223e-11,18.7057828116284,"OMG","Down"
1.07430809386684,2.14635107160583,7.37715528593702,6.61729904142159e-13,1.28404571145926e-11,18.7035400044457,"LUM","Up"
1.00853016604882,2.44900151928532,7.35169509855288,7.86277459970208e-13,1.51006513777403e-11,18.5354248247562,"LYZ","Up"
-1.17565402465795,1.93505259347603,-7.3500669403474,7.94984181042575e-13,1.52331269184301e-11,18.5246899298338,"LINC00689","Down"
-1.89287537458195,4.23486378343118,-7.33889678753609,8.57330592627375e-13,1.63348633163155e-11,18.4510937433227,"GRIN1","Down"
1.01216198971103,4.70813700870895,7.33392964689742,8.86577871540343e-13,1.68349843183247e-11,18.4183960148755,"FCGR3A","Up"
-1.4584543968404,5.34481103437718,-7.31813244566655,9.86277380715016e-13,1.86440739880842e-11,18.3145248887744,"CPLX1","Down"
-1.07117731230483,4.648329666774,-7.30886134148036,1.04984515607795e-12,1.96254627789355e-11,18.253648967731,"FBLL1","Down"
-1.01259583734876,6.60887577182051,-7.30798729119904,1.05604212551673e-12,1.9719420753967e-11,18.247912995776,"PODXL2","Down"
-1.52073881721887,7.50737788040757,-7.26460620450702,1.41332697110298e-12,2.60730188108297e-11,17.963921260645,"C1QL1","Down"
1.18551500386648,9.17610016126579,7.23639113948054,1.70703995319802e-12,3.11165302291279e-11,17.7799484118345,"LGALS1","Up"
-1.46489449834323,5.68352559373363,-7.22791952661484,1.80640913579697e-12,3.28567484602899e-11,17.72482370675,"LINC00844","Down"
1.15099835786682,3.19364611456701,7.2242772279861,1.8508615824359e-12,3.35565787222474e-11,17.70113942126,"CRNDE","Up"
-1.03708348336533,4.41490918666447,-7.20347816515192,2.1261019245263e-12,3.82584772593979e-11,17.5660780200791,"RP11-58B17.2","Down"
-1.0683430363376,2.3598980667446,-7.16800849145595,2.69123067051794e-12,4.76138636381657e-11,17.3364820612907,"CKMT1A","Down"
1.19288315918351,4.88261769067917,7.14785846146253,3.07559294073925e-12,5.38484531194088e-11,17.2064618172198,"EFEMP1","Up"
1.05035578227999,3.86367095189945,7.11152605785907,3.90972132591419e-12,6.71268463734686e-11,16.9727781624424,"HSPB6","Up"
1.02362966889636,4.71557903319163,7.05377815103202,5.71392683533918e-12,9.40759234483068e-11,16.6033591612029,"MS4A6A","Up"
-1.05151665125195,3.35259952841409,-7.04840786531374,5.91841846053277e-12,9.72526069568327e-11,16.5691303804491,"TMEM100","Down"
1.27136200710855,6.47600501734097,7.04465179598516,6.06570146052676e-12,9.93819160502453e-11,16.5452028992031,"S100A11","Up"
1.11128192402465,5.36599277734778,7.02924900176505,6.70828514691388e-12,1.08956264927165e-10,16.4471911890245,"NEAT1","Up"
-1.51561655945451,4.66428215663726,-7.00847882467933,7.68177294764114e-12,1.23194941848389e-10,16.3153046120464,"COL20A1","Down"
1.66497236034687,3.33362032204742,7.00836763388855,7.68734096554394e-12,1.23194941848389e-10,16.314599435525,"H19","Up"
1.01649271556972,4.54791551732124,6.9949181445906,8.39093120350644e-12,1.33580769622551e-10,16.2293701071595,"ZFP36","Up"
1.04859539855203,5.30118427175389,6.98495909668469,8.95233705955459e-12,1.41847801593676e-10,16.166346504981,"BGN","Up"
1.15698059463877,5.38207237891392,6.97573436513108,9.50518710147536e-12,1.49482601634127e-10,16.1080358231643,"TYMP","Up"
-1.03670029168513,5.27842610382823,-6.91216956840173,1.43399524276447e-11,2.17894179304132e-10,15.7079633243206,"KCNQ2","Down"
1.10603329932883,4.0495006438836,6.90179943985709,1.53306409643285e-11,2.31789933359232e-10,15.6429815197188,"SOD3","Up"
-1.00506119516069,5.67414873806303,-6.8729383733481,1.84554110796724e-11,2.75327270872384e-10,15.4625560163901,"CSPG5","Down"
1.16760091293445,5.32172703621433,6.85198994787968,2.11072737668672e-11,3.1103220652261e-10,15.3319889370365,"PLEKHA4","Up"
-1.01523715698242,3.85838861337108,-6.83183041452321,2.4011069117978e-11,3.48036520786664e-10,15.2066510890205,"SLC12A5","Down"
-1.16750867070191,3.17921788544071,-6.80307766669953,2.88420509355955e-11,4.11683613481555e-10,15.0284175147922,"GABRD","Down"
-1.06466397192938,0.910629744073201,-6.7792461095563,3.35592390073813e-11,4.72012784611630e-10,14.8811635391664,"RP11-1112C15.1","Down"
-1.16765258088637,3.70411760760439,-6.61356342528017,9.50777065470935e-11,1.24042897860007e-09,13.8693621168667,"SYN1","Down"
1.24082086842993,2.60488305651326,6.61197738122129,9.60207104389867e-11,1.25090400099735e-09,13.8597777784191,"SLN","Up"
-1.23261601832445,2.87928490879536,-6.55832470260225,1.33928663624936e-10,1.69861482035753e-09,13.5366983155027,"ST8SIA3","Down"
-1.27405546959771,4.97833119955302,-6.53308258233456,1.56507099697838e-10,1.95843170892325e-09,13.3854654649274,"ARHGDIG","Down"
-1.16415247222597,7.23417943555543,-6.50556272812218,1.85379207666119e-10,2.27908174797113e-09,13.2211469537471,"BEX1","Down"
-1.09291897595465,2.55450810734176,-6.42376043211073,3.05592499944848e-10,3.59183145608588e-09,12.7361793503928,"SFRP2","Down"
-1.17382012026518,3.28368169444463,-6.38230008008062,3.92935329511734e-10,4.5423539841909e-09,12.4923687231395,"CABP1","Down"
-1.14862884738532,4.49066934492434,-6.37018660326071,4.22777558118234e-10,4.85401664034453e-09,12.4213878974242,"CTD-3193O13.9","Down"
-1.07468328994961,2.86738339133217,-6.33374059900174,5.26583089392187e-10,5.95916667328853e-09,12.2085192776644,"NTSR2","Down"
-1.05759715170604,3.90162892660894,-6.24638826226217,8.87573150745843e-10,9.68852532599626e-09,11.7025697374192,"LHFPL3","Down"
1.10071666397487,2.02218250526149,6.21184768132488,1.08931715225479e-09,1.16787834471212e-08,11.5041681270125,"HP","Up"
1.24623515377076,2.75597132336637,6.17915278005379,1.32124037824808e-09,1.39259397314345e-08,11.31723776128,"RP11-161H23.5","Up"
-1.08388095119064,3.80667328324163,-6.17424187780297,1.3600095375714e-09,1.42898569190986e-08,11.2892332745002,"C1QTNF4","Down"
-1.00690407289014,5.75384877603203,-6.17192628362978,1.37867370884867e-09,1.4440921192872e-08,11.276035205051,"TCEAL2","Down"
-1.12669963544909,6.16404070082679,-6.11484281509824,1.9267094776478e-09,1.96438061331851e-08,10.9520266602846,"GADD45G","Down"
-1.034048682831,10.2168831278254,-5.96340969945973,4.62449886899769e-09,4.33205975809389e-08,10.1050928749352,"C1orf61","Down"
-1.25016165369082,5.26924532961468,-5.74900410341656,1.54888554318909e-08,1.314250841508e-07,8.937597815438,"SNCG","Down"
-1.0077273021201,3.07407775771344,-5.71337675228874,1.88674713249753e-08,1.57866278950104e-07,8.74722293643261,"LINC01088","Down"
1.13101158707271,1.38332900450188,5.71014277295791,1.92074891633113e-08,1.60551731998835e-07,8.72999359793449,"HIST1H2BH","Up"
1.01351370892732,1.94537367540106,5.53090912164617,5.1013006207179e-08,3.92334275592473e-07,7.78856028694819,"HIST1H2BJ","Up"
-1.18594787561959,4.65315383515041,-5.46335530781008,7.3223697780463e-08,5.49846964652848e-07,7.44062527120861,"SNCB","Down"
-1.15545322855994,5.29871325485655,-5.23479699740233,2.4199074540178e-07,1.65081009510011e-06,6.29171450756911,"LY6H","Down"
-1.02792666447029,4.24915814246578,-5.22090717881454,2.59866733859102e-07,1.76205128759616e-06,6.22330965200997,"C2orf82","Down"
-1.26365074614466,4.23167205353887,-5.2103375393194,2.74320272020286e-07,1.85037098183327e-06,6.17136536437335,"CALY","Down"
-1.07499711187516,4.98886808749977,-5.15390696992246,3.65667799053923e-07,2.3992764859623e-06,5.89563929254852,"SNAP25","Down"
-1.10694660533277,4.56503780871852,-5.13332855939385,4.05811741690135e-07,2.63902979354708e-06,5.79576306064595,"FXYD7","Down"
-1.17710568105868,3.5048863966428,-4.97312014859663,9.02232070823922e-07,5.41950598034498e-06,5.03054380740572,"CCK","Down"
-1.33127496276672,2.11761948103934,-4.83330586825557,1.7806460482967e-06,1.00709944229219e-05,4.38072552205387,"RP11-192H23.5","Down"
-1.19284103444552,4.83584249092152,-3.7860357963907,0.000171319586705144,0.000637687469364582,0.0598795711269702,"RP11-862L9.3","Down"
